parameter,parameter_value,factor_from_fitted_value,profiled_rate_scale_nm_s,objective,fitting_error,fitting_error_name,loss
desorption_ratio,0.0014074646633398433,0.001,1.1346238775950936,4.702111184531348e-05,0.006857194167100234,training_rmse_nm_s,mse
desorption_ratio,0.0017718930308808516,0.0012589254117941675,1.1349889041523757,4.696255714369819e-05,0.006852923255348639,training_rmse_nm_s,mse
desorption_ratio,0.0022306811635568915,0.001584893192461114,1.1354484376325598,4.6888956629591395e-05,0.006847551141071631,training_rmse_nm_s,mse
desorption_ratio,0.0028082612024123497,0.001995262314968879,1.1360269437781865,4.679648172065165e-05,0.006840795401168759,training_rmse_nm_s,mse
desorption_ratio,0.003535391390672551,0.0025118864315095794,1.136755220520364,4.668035141614599e-05,0.006832302058321631,training_rmse_nm_s,mse
desorption_ratio,0.0044507940623559955,0.0031622776601683794,1.1376720360331494,4.653460806543622e-05,0.0068216279629892025,training_rmse_nm_s,mse
desorption_ratio,0.005603217747762557,0.003981071705534973,1.1388261900569814,4.635184779248525e-05,0.006808219135169288,training_rmse_nm_s,mse
desorption_ratio,0.007054033210474365,0.005011872336272725,1.1402791075984442,4.612290091100082e-05,0.00679138431477713,training_rmse_nm_s,mse
desorption_ratio,0.008880501664306165,0.00630957344480193,1.142108102096443,4.583646024630032e-05,0.006770262937752146,training_rmse_nm_s,mse
desorption_ratio,0.011179889214675427,0.007943282347242814,1.144410480233228,4.54786604155117e-05,0.006743786800864311,training_rmse_nm_s,mse
desorption_ratio,0.014074646633398434,0.01,1.1473087045361785,4.503262026620736e-05,0.006710634863126392,training_rmse_nm_s,mse
desorption_ratio,0.017718930308808518,0.012589254117941675,1.1509568849713352,4.4477975868348276e-05,0.0066691810493004515,training_rmse_nm_s,mse
desorption_ratio,0.022306811635568916,0.01584893192461114,1.1555489396256995,4.3790455345996056e-05,0.006617435707734232,training_rmse_nm_s,mse
desorption_ratio,0.02808261202412351,0.0199526231496888,1.161328850758117,4.294158252640584e-05,0.006552982719831164,training_rmse_nm_s,mse
desorption_ratio,0.03535391390672553,0.025118864315095808,1.1686035503096768,4.18986467996936e-05,0.006472916406048637,training_rmse_nm_s,mse
desorption_ratio,0.044507940623559956,0.03162277660168379,1.1777591039356385,4.062514294452151e-05,0.006373785605471956,training_rmse_nm_s,mse
desorption_ratio,0.056032177477625573,0.039810717055349734,1.1892810319081062,3.908196347719122e-05,0.006251556884264209,training_rmse_nm_s,mse
desorption_ratio,0.07054033210474366,0.05011872336272725,1.203779818270982,3.7229703926587246e-05,0.006101614862197322,training_rmse_nm_s,mse
desorption_ratio,0.08880501664306169,0.06309573444801933,1.222022929047863,3.5032487635658686e-05,0.005918824852591829,training_rmse_nm_s,mse
desorption_ratio,0.11179889214675433,0.07943282347242818,1.2449750032426294,3.2463675290621806e-05,0.005697690347028505,training_rmse_nm_s,mse
desorption_ratio,0.14074646633398435,0.1,1.2738483199847792,2.951361126467965e-05,0.005432643119576294,training_rmse_nm_s,mse
desorption_ratio,0.17718930308808517,0.12589254117941676,1.3101662120289708,2.619907575496539e-05,0.005118503272927096,training_rmse_nm_s,mse
desorption_ratio,0.22306811635568916,0.15848931924611143,1.3558428283556139,2.2573294322147406e-05,0.004751136108568918,training_rmse_nm_s,mse
desorption_ratio,0.28082612024123527,0.19952623149688808,1.4132835914625437,1.873426901590505e-05,0.00432831018018638,training_rmse_nm_s,mse
desorption_ratio,0.3535391390672555,0.25118864315095824,1.4855118944087649,1.4828151261202481e-05,0.003850733860084657,training_rmse_nm_s,mse
desorption_ratio,0.44507940623559955,0.31622776601683794,1.5763290809851969,1.1043998403445266e-05,0.0033232511797102048,training_rmse_nm_s,mse
desorption_ratio,0.5603217747762558,0.3981071705534973,1.6905165862048253,7.597317622005356e-06,0.002756323207101329,training_rmse_nm_s,mse
desorption_ratio,0.7054033210474365,0.5011872336272725,1.834091326696743,4.702743469291236e-06,0.0021685809805702984,training_rmse_nm_s,mse
desorption_ratio,0.8880501664306173,0.6309573444801937,2.014628102030016,2.540468444793253e-06,0.0015938847024779593,training_rmse_nm_s,mse
desorption_ratio,1.1179889214675438,0.7943282347242822,2.241666057501888,1.2248381144744698e-06,0.0011067240462167929,training_rmse_nm_s,mse
desorption_ratio,1.4074646633398433,1.0,2.527220428930998,7.844918108091601e-07,0.0008857154231519061,training_rmse_nm_s,mse
desorption_ratio,1.4074646633398433,1.0,2.527220428930998,7.844918108091601e-07,0.0008857154231519061,training_rmse_nm_s,mse
desorption_ratio,1.7718930308808516,1.2589254117941675,2.8864261895407144,1.1603193400392998e-06,0.0010771812011167387,training_rmse_nm_s,mse
desorption_ratio,2.2306811635568917,1.5848931924611143,3.3383472319716843,2.221411833125747e-06,0.0014904401474483125,training_rmse_nm_s,mse
desorption_ratio,2.8082612024123526,1.9952623149688808,3.9069937227737235,3.7931407004210406e-06,0.0019475987010729497,training_rmse_nm_s,mse
desorption_ratio,3.5353913906725545,2.5118864315095824,4.6226016522834525,5.688441720195576e-06,0.0023850454335705173,training_rmse_nm_s,mse
desorption_ratio,4.450794062355996,3.1622776601683795,5.523242850156447,7.734251377373084e-06,0.002781052206876578,training_rmse_nm_s,mse
desorption_ratio,5.6032177477625575,3.981071705534973,6.656851513150467,9.7885480942612e-06,0.003128665545286233,training_rmse_nm_s,mse
desorption_ratio,7.0540332104743655,5.011872336272725,8.083775520172678,1.1747382006673382e-05,0.003427445405352707,training_rmse_nm_s,mse
desorption_ratio,8.880501664306173,6.309573444801936,9.87998870579705,1.3543991667812837e-05,0.0036802162528597198,training_rmse_nm_s,mse
desorption_ratio,11.17988921467544,7.943282347242821,12.141135365622763,1.5143131434175301e-05,0.0038914176638052233,training_rmse_nm_s,mse
desorption_ratio,14.074646633398434,10.0,14.987622488468162,1.653347249061016e-05,0.0040661372936252604,training_rmse_nm_s,mse
desorption_ratio,17.718930308808535,12.589254117941687,18.571030930424218,1.7720077291438108e-05,0.004209522216527442,training_rmse_nm_s,mse
desorption_ratio,22.306811635568916,15.848931924611142,23.082186937502478,1.8718025734134485e-05,0.004326433373361306,training_rmse_nm_s,mse
desorption_ratio,28.082612024123495,19.952623149688787,28.76132382057566,1.954756686554823e-05,0.004421263039624337,training_rmse_nm_s,mse
desorption_ratio,35.353913906725545,25.11886431509582,35.910874888131275,2.0230743029178032e-05,0.004497859827648927,training_rmse_nm_s,mse
desorption_ratio,44.50794062355996,31.622776601683793,44.911578869021035,2.078923406417732e-05,0.0045595212538354635,training_rmse_nm_s,mse
desorption_ratio,56.03217747762563,39.81071705534978,56.24275546598412,2.124311702569746e-05,0.0046090256047995075,training_rmse_nm_s,mse
desorption_ratio,70.54033210474365,50.11872336272725,70.50783076259214,2.1610262053296467e-05,0.004648683905504489,training_rmse_nm_s,mse
desorption_ratio,88.80501664306182,63.09573444801943,88.46647178659245,2.1906140405530454e-05,0.004680399598915723,training_rmse_nm_s,mse
desorption_ratio,111.79889214675438,79.43282347242821,111.07504149953499,2.2143879998747003e-05,0.0047057284238199515,training_rmse_nm_s,mse
desorption_ratio,140.74646633398433,100.0,139.53752857956513,2.2334455096981218e-05,0.004725934309422975,training_rmse_nm_s,mse
desorption_ratio,177.18930308808535,125.89254117941688,175.36966418804317,2.248693648760894e-05,0.004742039275207339,training_rmse_nm_s,mse
desorption_ratio,223.06811635568917,158.48931924611142,220.47964016762435,2.2608757014117686e-05,0.004754866666281788,training_rmse_nm_s,mse
desorption_ratio,280.8261202412355,199.5262314968883,277.26972720755805,2.2705966753725847e-05,0.004765077832913734,training_rmse_nm_s,mse
desorption_ratio,353.53913906725546,251.18864315095823,348.7642045123345,2.278346472420696e-05,0.004773202774260377,training_rmse_nm_s,mse
desorption_ratio,445.07940623559955,316.22776601683796,438.77041369392947,2.284520179935066e-05,0.004779665448475516,training_rmse_nm_s,mse
desorption_ratio,560.3217747762563,398.1071705534977,552.0815135939664,2.2894354078628418e-05,0.004784804497430215,training_rmse_nm_s,mse
desorption_ratio,705.4033210474365,501.18723362727246,694.731733468963,2.2933468435293856e-05,0.004788890104741792,training_rmse_nm_s,mse
desorption_ratio,888.0501664306182,630.9573444801943,874.3177177012875,2.2964583147143e-05,0.0047921376385849975,training_rmse_nm_s,mse
desorption_ratio,1117.9889214675438,794.3282347242822,1100.4030748132463,2.298932692031192e-05,0.004794718648712552,training_rmse_nm_s,mse
desorption_ratio,1407.4646633398434,1000.0,1385.0276744944263,2.300899958674427e-05,0.004796769703325799,training_rmse_nm_s,mse
conversion_ratio,9.474635256553755e-05,0.001,2360.026108441057,8.520901028716302e-06,0.0029190582434607745,training_rmse_nm_s,mse
conversion_ratio,0.00011927859091956472,0.0012589254117941675,1874.670286839421,8.51664903187051e-06,0.002918329836031306,training_rmse_nm_s,mse
conversion_ratio,0.00015016284919164107,0.001584893192461114,1489.1384535517518,8.511297916136254e-06,0.0029174128806420687,training_rmse_nm_s,mse
conversion_ratio,0.000189043826754772,0.001995262314968879,1182.899632606557,8.50456416243015e-06,0.002916258589773916,training_rmse_nm_s,mse
conversion_ratio,0.0002379920774443966,0.0025118864315095794,939.6454900830176,8.496091467338762e-06,0.002914805562527072,training_rmse_nm_s,mse
conversion_ratio,0.0002996142741004364,0.0031622776601683794,746.4218558610828,8.485432263234487e-06,0.0029129765298118154,training_rmse_nm_s,mse
conversion_ratio,0.0003771920234013024,0.003981071705534973,592.9388668249557,8.472024667157883e-06,0.002910674263320766,training_rmse_nm_s,mse
conversion_ratio,0.0004748566233859599,0.005011872336272725,471.0229941300186,8.455163799545057e-06,0.002907776435619674,training_rmse_nm_s,mse
conversion_ratio,0.0005978090701393568,0.00630957344480193,374.1817729869597,8.433966212337727e-06,0.00290412916591837,training_rmse_nm_s,mse
conversion_ratio,0.0007525970297994782,0.007943282347242814,297.2580552368815,8.407325954484782e-06,0.0028995389210156814,training_rmse_nm_s,mse
conversion_ratio,0.0009474635256553754,0.01,236.15537240626713,8.373860603143803e-06,0.0028937623612079488,training_rmse_nm_s,mse
conversion_ratio,0.0011927859091956472,0.012589254117941675,187.61978382300728,8.33184544245831e-06,0.0028864936241845937,training_rmse_nm_s,mse
conversion_ratio,0.0015016284919164107,0.01584893192461114,149.06659241020367,8.27913395269178e-06,0.0028773484239298826,training_rmse_nm_s,mse
conversion_ratio,0.00189043826754772,0.01995262314968879,118.44270014191085,8.213063008113667e-06,0.002865844205136362,training_rmse_nm_s,mse
conversion_ratio,0.0023799207744439684,0.025118864315095822,94.11727308696237,8.130341885717294e-06,0.00285137543752437,training_rmse_nm_s,mse
conversion_ratio,0.0029961427410043636,0.03162277660168379,74.79489355585437,8.026925709026763e-06,0.002833182964269474,training_rmse_nm_s,mse
conversion_ratio,0.0037719202340130245,0.039810717055349734,59.44657438593528,7.897876858456437e-06,0.002810316149200377,training_rmse_nm_s,mse
conversion_ratio,0.004748566233859599,0.05011872336272725,47.25496162423393,7.737223075392201e-06,0.00278158643140784,training_rmse_nm_s,mse
conversion_ratio,0.005978090701393568,0.0630957344480193,37.57080745127311,7.537829893650401e-06,0.0027455108620528896,training_rmse_nm_s,mse
conversion_ratio,0.007525970297994789,0.07943282347242822,29.87839537083189,7.291319858790887e-06,0.002700244407232591,training_rmse_nm_s,mse
conversion_ratio,0.009474635256553754,0.1,23.768076431704998,6.988095125476941e-06,0.002643500543876801,training_rmse_nm_s,mse
conversion_ratio,0.011927859091956473,0.12589254117941676,18.914453936330336,6.6175585445183684e-06,0.0025724615729915907,training_rmse_nm_s,mse
conversion_ratio,0.015016284919164105,0.15848931924611143,15.059054894368654,6.16868875390766e-06,0.002483684511750166,training_rmse_nm_s,mse
conversion_ratio,0.01890438267547722,0.19952623149688808,11.996565415911384,5.631217776911716e-06,0.0023730187055545342,training_rmse_nm_s,mse
conversion_ratio,0.023799207744439683,0.25118864315095824,9.563897033422784,4.997799885528087e-06,0.0022355759628176555,training_rmse_nm_s,mse
conversion_ratio,0.029961427410043637,0.31622776601683794,7.631501701323418,4.267766908853954e-06,0.002065857427039425,training_rmse_nm_s,mse
conversion_ratio,0.037719202340130244,0.3981071705534973,6.096472976239111,3.453359575613197e-06,0.0018583217093961952,training_rmse_nm_s,mse
conversion_ratio,0.04748566233859599,0.5011872336272725,4.877066007317569,2.589726764853324e-06,0.0016092628016745195,training_rmse_nm_s,mse
conversion_ratio,0.05978090701393575,0.6309573444801936,3.9083445312855747,1.7505006049661157e-06,0.001323064852895018,training_rmse_nm_s,mse
conversion_ratio,0.0752597029799479,0.7943282347242822,3.138723096198403,1.0713521229297053e-06,0.0010350614102214927,training_rmse_nm_s,mse
conversion_ratio,0.09474635256553754,1.0,2.527220428930998,7.844918108091601e-07,0.0008857154231519061,training_rmse_nm_s,mse
conversion_ratio,0.11927859091956472,1.2589254117941675,2.0412777547860097,1.2673262417341994e-06,0.001125755853519847,training_rmse_nm_s,mse
conversion_ratio,0.15016284919164105,1.584893192461114,1.6550259905476086,3.1078840408748877e-06,0.0017629191816061472,training_rmse_nm_s,mse
conversion_ratio,0.1890438267547722,1.9952623149688808,1.3479096650299163,7.187305701087181e-06,0.0026809150865119134,training_rmse_nm_s,mse
conversion_ratio,0.23799207744439685,2.5118864315095824,1.1035944389851804,1.477445093453824e-05,0.003843754796359705,training_rmse_nm_s,mse
conversion_ratio,0.2996142741004364,3.1622776601683795,0.9091001934765862,2.7618322008190114e-05,0.005255313692653381,training_rmse_nm_s,mse
conversion_ratio,0.3771920234013024,3.981071705534973,0.7541136060576763,4.801028573865451e-05,0.0069289454997607325,training_rmse_nm_s,mse
conversion_ratio,0.4748566233859599,5.011872336272725,0.6304435340693825,7.877242161313584e-05,0.008875382899522468,training_rmse_nm_s,mse
conversion_ratio,0.5978090701393575,6.309573444801936,0.5315898416785529,0.00012311784961876462,0.01109584830550439,training_rmse_nm_s,mse
conversion_ratio,0.752597029799479,7.943282347242821,0.45240194143800083,0.00018433589672296795,0.013577035638274209,training_rmse_nm_s,mse
conversion_ratio,0.9474635256553754,10.0,0.3888076743126252,0.0002652925879716029,0.016287804884993033,training_rmse_nm_s,mse
conversion_ratio,1.1927859091956485,12.589254117941687,0.3375966755447165,0.0003678079934283236,0.019178320923071538,training_rmse_nm_s,mse
conversion_ratio,1.5016284919164107,15.848931924611142,0.2962455272419776,0.0004920555296213558,0.02218232471183658,training_rmse_nm_s,mse
conversion_ratio,1.89043826754772,19.952623149688787,0.2627750898761009,0.0006361785415568666,0.025222579994062196,training_rmse_nm_s,mse
conversion_ratio,2.3799207744439683,25.11886431509582,0.23563339860839394,0.0007962896892436455,0.028218605373824653,training_rmse_nm_s,mse
conversion_ratio,2.996142741004364,31.622776601683793,0.21360001608648646,0.0009669015029243349,0.03109503984439214,training_rmse_nm_s,mse
conversion_ratio,3.7719202340130282,39.81071705534978,0.19570929345186117,0.0011416834080036867,0.033788805957057536,training_rmse_nm_s,mse
conversion_ratio,4.7485662338595995,50.11872336272725,0.1811904794410783,0.0013143320565255443,0.03625371783039009,training_rmse_nm_s,mse
conversion_ratio,5.9780907013935805,63.09573444801943,0.16942237939588045,0.0014793296204835995,0.03846205429359695,training_rmse_nm_s,mse
conversion_ratio,7.52597029799479,79.43282347242821,0.15989987371753858,0.0016324392347490321,0.04040345572780912,training_rmse_nm_s,mse
conversion_ratio,9.474635256553753,100.0,0.15220948563223163,0.0017708953552603678,0.04208200750036015,training_rmse_nm_s,mse
conversion_ratio,11.927859091956485,125.89254117941688,0.1460114494994304,0.0018933362504979226,0.04351248384656894,training_rmse_nm_s,mse
conversion_ratio,15.016284919164105,158.48931924611142,0.14102624503450514,0.0019995705574648035,0.044716557978726444,training_rmse_nm_s,mse
conversion_ratio,18.904382675477237,199.5262314968883,0.13702413869374372,0.0020902725990889293,0.04571949911240202,training_rmse_nm_s,mse
conversion_ratio,23.799207744439684,251.18864315095823,0.1338167737809391,0.002166679007679403,0.04654759937611609,training_rmse_nm_s,mse
conversion_ratio,29.961427410043637,316.22776601683796,0.13125021948814677,0.002230329642714193,0.04722636596980751,training_rmse_nm_s,mse
conversion_ratio,37.71920234013028,398.1071705534977,0.12919912859423982,0.0022828701060822543,0.0477793899718514,training_rmse_nm_s,mse
conversion_ratio,47.48566233859599,501.18723362727246,0.12756179326853398,0.0023259157871172325,0.04822774914006699,training_rmse_nm_s,mse
conversion_ratio,59.78090701393581,630.9573444801943,0.1262559622459862,0.002360968178057937,0.04858979499913472,training_rmse_nm_s,mse
conversion_ratio,75.25970297994789,794.3282347242822,0.12521531831746946,0.0023893710280219185,0.0488811929889392,training_rmse_nm_s,mse
conversion_ratio,94.74635256553753,1000.0,0.12438653150934931,0.0024122943039658323,0.04911511278584049,training_rmse_nm_s,mse
inhibition_ratio,5.139696800771512e-07,0.001,2.526440573644778,7.845113742077931e-07,0.0008857264669229395,training_rmse_nm_s,mse
inhibition_ratio,6.470494911408435e-07,0.0012589254117941662,2.52644077577149,7.845113683797674e-07,0.0008857264636329703,training_rmse_nm_s,mse
inhibition_ratio,8.145870470856938e-07,0.001584893192461114,2.526441030233945,7.845113610432727e-07,0.0008857264594914576,training_rmse_nm_s,mse
inhibition_ratio,1.0255043336945508e-06,0.001995262314968879,2.5264413505831946,7.84511351808057e-07,0.000885726454278101,training_rmse_nm_s,mse
inhibition_ratio,1.2910334655931172e-06,0.002511886431509582,2.526441753879005,7.845113401830228e-07,0.0008857264477156718,training_rmse_nm_s,mse
inhibition_ratio,1.6253148373118645e-06,0.0031622776601683794,2.52644226159835,7.845113255501868e-07,0.0008857264394553134,training_rmse_nm_s,mse
inhibition_ratio,2.0461501508580073e-06,0.003981071705534969,2.526442900779132,7.845113071320682e-07,0.0008857264290581309,training_rmse_nm_s,mse
inhibition_ratio,2.575950421261617e-06,0.005011872336272725,2.5264437054600606,7.845112839506158e-07,0.0008857264159720064,training_rmse_nm_s,mse
inhibition_ratio,3.2429294448481375e-06,0.00630957344480193,2.526444718493327,7.845112547757532e-07,0.0008857263995025514,training_rmse_nm_s,mse
inhibition_ratio,4.0826062867748766e-06,0.00794328234724282,2.5264459938266457,7.84511218060811e-07,0.0008857263787766576,training_rmse_nm_s,mse
inhibition_ratio,5.139696800771513e-06,0.01,2.526447599376161,7.845111718616797e-07,0.0008857263526968585,training_rmse_nm_s,mse
inhibition_ratio,6.470494911408435e-06,0.012589254117941661,2.526449620643236,7.845111137356903e-07,0.0008857263198842464,training_rmse_nm_s,mse
inhibition_ratio,8.145870470856937e-06,0.01584893192461114,2.526452165267702,7.845110406152735e-07,0.0008857262786071515,training_rmse_nm_s,mse
inhibition_ratio,1.0255043336945509e-05,0.01995262314968879,2.52645536876008,7.845109486506732e-07,0.0008857262266923528,training_rmse_nm_s,mse
inhibition_ratio,1.2910334655931171e-05,0.025118864315095822,2.5264594017179967,7.84510833014468e-07,0.0008857261614147276,training_rmse_nm_s,mse
inhibition_ratio,1.6253148373118643e-05,0.03162277660168379,2.526464478911133,7.845106876595483e-07,0.0008857260793606273,training_rmse_nm_s,mse
inhibition_ratio,2.0461501508580072e-05,0.03981071705534969,2.5264708707184846,7.845105050211083e-07,0.000885725976259649,training_rmse_nm_s,mse
inhibition_ratio,2.5759504212616173e-05,0.05011872336272725,2.526478917527014,7.845102756516621e-07,0.0008857258467785966,training_rmse_nm_s,mse
inhibition_ratio,3.2429294448481375e-05,0.0630957344480193,2.526489047858482,7.845099877781939e-07,0.000885725684271487,training_rmse_nm_s,mse
inhibition_ratio,4.0826062867748766e-05,0.07943282347242822,2.5265018011897604,7.845096267704159e-07,0.0008857254804793728,training_rmse_nm_s,mse
inhibition_ratio,5.139696800771513e-05,0.1,2.5265178566819047,7.845091745128125e-07,0.0008857252251758513,training_rmse_nm_s,mse
inhibition_ratio,6.470494911408436e-05,0.12589254117941662,2.5265380693478714,7.845086086793204e-07,0.0008857249057576062,training_rmse_nm_s,mse
inhibition_ratio,8.145870470856938e-05,0.15848931924611143,2.526563515584968,7.845079019238118e-07,0.0008857245067874162,training_rmse_nm_s,mse
inhibition_ratio,0.00010255043336945519,0.19952623149688808,2.526595550496742,7.845070210251163e-07,0.0008857240095114935,training_rmse_nm_s,mse
inhibition_ratio,0.00012910334655931173,0.25118864315095824,2.526635880056893,7.845059260706675e-07,0.0008857233913986169,training_rmse_nm_s,mse
inhibition_ratio,0.00016253148373118645,0.31622776601683794,2.5266866519581246,7.845045698408787e-07,0.0008857226257925664,training_rmse_nm_s,mse
inhibition_ratio,0.00020461501508580094,0.3981071705534973,2.5267505699838786,7.845028976868647e-07,0.0008857216818430408,training_rmse_nm_s,mse
inhibition_ratio,0.0002575950421261617,0.5011872336272725,2.5268310379934755,7.845008484106518e-07,0.0008857205250024704,training_rmse_nm_s,mse
inhibition_ratio,0.00032429294448481404,0.6309573444801936,2.5269323411881826,7.844983570113864e-07,0.0008857191185761919,training_rmse_nm_s,mse
inhibition_ratio,0.00040826062867748764,0.7943282347242822,2.527059874310856,7.844953607367475e-07,0.0008857174271384455,training_rmse_nm_s,mse
inhibition_ratio,0.0005139696800771512,1.0,2.527220428930998,7.844918108091601e-07,0.0008857154231519061,training_rmse_nm_s,mse
inhibition_ratio,0.0006470494911408442,1.2589254117941675,2.527422555113195,7.844876936910365e-07,0.0008857130989722555,training_rmse_nm_s,mse
inhibition_ratio,0.0008145870470856938,1.584893192461114,2.527677016727506,7.84483068147565e-07,0.0008857104877710125,training_rmse_nm_s,mse
inhibition_ratio,0.001025504333694552,1.9952623149688808,2.527997364646215,7.844781281868416e-07,0.0008857076990671593,training_rmse_nm_s,mse
inhibition_ratio,0.001291033465593117,2.5118864315095824,2.528400658347776,7.844733080405282e-07,0.0008857049779924059,training_rmse_nm_s,mse
inhibition_ratio,0.0016253148373118645,3.1622776601683795,2.5289083743496543,7.844694550090073e-07,0.0008857028028684381,training_rmse_nm_s,mse
inhibition_ratio,0.0020461501508580093,3.981071705534973,2.5295475498374485,7.844681113010266e-07,0.0008857020443134512,training_rmse_nm_s,mse
inhibition_ratio,0.002575950421261617,5.011872336272725,2.530352222376883,7.844719701925753e-07,0.0008857042227473996,training_rmse_nm_s,mse
inhibition_ratio,0.003242929444848141,6.309573444801936,2.5313652423536417,7.844856099796862e-07,0.0008857119226812328,training_rmse_nm_s,mse
inhibition_ratio,0.004082606286774876,7.943282347242821,2.5326405546206483,7.845166691908071e-07,0.0008857294559801018,training_rmse_nm_s,mse
inhibition_ratio,0.0051396968007715125,10.0,2.5342460707967027,7.845777205579075e-07,0.0008857639192007696,training_rmse_nm_s,mse
inhibition_ratio,0.006470494911408449,12.589254117941687,2.5362672850790435,7.846892480773887e-07,0.0008858268725193364,training_rmse_nm_s,mse
inhibition_ratio,0.008145870470856938,15.848931924611142,2.5388118259712553,7.848843596923514e-07,0.000885936995328873,training_rmse_nm_s,mse
inhibition_ratio,0.01025504333694551,19.952623149688787,2.5420151860815317,7.852162207116638e-07,0.0008861242693390492,training_rmse_nm_s,mse
inhibition_ratio,0.012910334655931171,25.11886431509582,2.5460479347467535,7.857697338066676e-07,0.0008864365368184389,training_rmse_nm_s,mse
inhibition_ratio,0.016253148373118646,31.622776601683793,2.551124796993113,7.866798128023871e-07,0.0008869497239429004,training_rmse_nm_s,mse
inhibition_ratio,0.020461501508580112,39.81071705534978,2.557516081408871,7.881598297666921e-07,0.0008877836615790426,training_rmse_nm_s,mse
inhibition_ratio,0.025759504212616174,50.11872336272725,2.565562064097616,7.905456335857672e-07,0.0008891263316232217,training_rmse_nm_s,mse
inhibition_ratio,0.03242929444848144,63.09573444801943,2.5756910925535657,7.943631637171569e-07,0.0008912705334056304,training_rmse_nm_s,mse
inhibition_ratio,0.040826062867748765,79.43282347242821,2.588442370282487,8.004313590409241e-07,0.0008946682955380302,training_rmse_nm_s,mse
inhibition_ratio,0.05139696800771513,100.0,2.604494630620397,8.100169876854595e-07,0.0009000094375535511,training_rmse_nm_s,mse
inhibition_ratio,0.06470494911408449,125.89254117941688,2.6247022194764726,8.250641931004878e-07,0.0009083304426806843,training_rmse_nm_s,mse
inhibition_ratio,0.08145870470856938,158.48931924611142,2.6501404980215173,8.485284307903083e-07,0.0009211560295575926,training_rmse_nm_s,mse
inhibition_ratio,0.1025504333694553,199.5262314968883,2.6821629683407457,8.84850425261858e-07,0.0009406648846756522,training_rmse_nm_s,mse
inhibition_ratio,0.12910334655931172,251.18864315095823,2.7224731439911847,9.406071825537951e-07,0.0009698490514269708,training_rmse_nm_s,mse
inhibition_ratio,0.16253148373118645,316.22776601683796,2.7732149666480215,1.0253671911534043e-06,0.001012604163112815,training_rmse_nm_s,mse
inhibition_ratio,0.20461501508580113,398.1071705534977,2.837086552332083,1.152744902470956e-06,0.0010736595840726035,training_rmse_nm_s,mse
inhibition_ratio,0.25759504212616174,501.18723362727246,2.9174832909567585,1.3415810072093317e-06,0.001158266380073829,training_rmse_nm_s,mse
inhibition_ratio,0.3242929444848144,630.9573444801943,3.0186778915273123,1.6170563111855707e-06,0.0012716352901620694,training_rmse_nm_s,mse
inhibition_ratio,0.40826062867748764,794.3282347242822,3.146046951972372,2.011376758351887e-06,0.0014182301499939588,training_rmse_nm_s,mse
inhibition_ratio,0.5139696800771513,1000.0,3.306356149788216,2.563476206778096e-06,0.0016010859460934932,training_rmse_nm_s,mse
