role,species,reaction_input,reaction_input_unit,predicted_rate_nm_s,reference_input
A,idn_2,1.34339e-06,kmol/m^3,0.08257947727286034,1.697865e-06
A,idn_2,1.3548851898734177e-06,kmol/m^3,0.08304103717038877,1.697865e-06
A,idn_2,1.3663803797468355e-06,kmol/m^3,0.08349988885459753,1.697865e-06
A,idn_2,1.3778755696202532e-06,kmol/m^3,0.08395605609151871,1.697865e-06
A,idn_2,1.389370759493671e-06,kmol/m^3,0.0844095623699158,1.697865e-06
A,idn_2,1.4008659493670887e-06,kmol/m^3,0.08486043090531538,1.697865e-06
A,idn_2,1.4123611392405063e-06,kmol/m^3,0.08530868464396878,1.697865e-06
A,idn_2,1.4238563291139241e-06,kmol/m^3,0.08575434626674479,1.697865e-06
A,idn_2,1.4353515189873418e-06,kmol/m^3,0.08619743819295525,1.697865e-06
A,idn_2,1.4468467088607594e-06,kmol/m^3,0.08663798258411459,1.697865e-06
A,idn_2,1.4583418987341773e-06,kmol/m^3,0.08707600134763464,1.697865e-06
A,idn_2,1.469837088607595e-06,kmol/m^3,0.08751151614045616,1.697865e-06
A,idn_2,1.4813322784810127e-06,kmol/m^3,0.08794454837261814,1.697865e-06
A,idn_2,1.4928274683544304e-06,kmol/m^3,0.08837511921076653,1.697865e-06
A,idn_2,1.504322658227848e-06,kmol/m^3,0.08880324958160293,1.697865e-06
A,idn_2,1.5158178481012659e-06,kmol/m^3,0.089228960175275,1.697865e-06
A,idn_2,1.5273130379746835e-06,kmol/m^3,0.08965227144870964,1.697865e-06
A,idn_2,1.5388082278481013e-06,kmol/m^3,0.09007320362888976,1.697865e-06
A,idn_2,1.550303417721519e-06,kmol/m^3,0.09049177671607603,1.697865e-06
A,idn_2,1.5617986075949366e-06,kmol/m^3,0.09090801048697472,1.697865e-06
A,idn_2,1.5732937974683545e-06,kmol/m^3,0.0913219244978525,1.697865e-06
A,idn_2,1.584788987341772e-06,kmol/m^3,0.09173353808759915,1.697865e-06
A,idn_2,1.59628417721519e-06,kmol/m^3,0.09214287038073966,1.697865e-06
A,idn_2,1.6077793670886076e-06,kmol/m^3,0.09254994029039618,1.697865e-06
A,idn_2,1.6192745569620252e-06,kmol/m^3,0.0929547665212009,1.697865e-06
A,idn_2,1.630769746835443e-06,kmol/m^3,0.09335736757216126,1.697865e-06
A,idn_2,1.6422649367088607e-06,kmol/m^3,0.0937577617394777,1.697865e-06
A,idn_2,1.6537601265822785e-06,kmol/m^3,0.09415596711931516,1.697865e-06
A,idn_2,1.6652553164556962e-06,kmol/m^3,0.0945520016105297,1.697865e-06
A,idn_2,1.6767505063291138e-06,kmol/m^3,0.09494588291735015,1.697865e-06
A,idn_2,1.6882456962025317e-06,kmol/m^3,0.09533762855201638,1.697865e-06
A,idn_2,1.6997408860759493e-06,kmol/m^3,0.09572725583737475,1.697865e-06
A,idn_2,1.7112360759493671e-06,kmol/m^3,0.09611478190943158,1.697865e-06
A,idn_2,1.7227312658227848e-06,kmol/m^3,0.09650022371986529,1.697865e-06
A,idn_2,1.7342264556962024e-06,kmol/m^3,0.09688359803849837,1.697865e-06
A,idn_2,1.7457216455696203e-06,kmol/m^3,0.09726492145572936,1.697865e-06
A,idn_2,1.757216835443038e-06,kmol/m^3,0.09764421038492621,1.697865e-06
A,idn_2,1.7687120253164557e-06,kmol/m^3,0.09802148106478119,1.697865e-06
A,idn_2,1.7802072151898734e-06,kmol/m^3,0.0983967495616284,1.697865e-06
A,idn_2,1.791702405063291e-06,kmol/m^3,0.09877003177172462,1.697865e-06
A,idn_2,1.8031975949367087e-06,kmol/m^3,0.09914134342349379,1.697865e-06
A,idn_2,1.8146927848101265e-06,kmol/m^3,0.09951070007973617,1.697865e-06
A,idn_2,1.8261879746835443e-06,kmol/m^3,0.09987811713980266,1.697865e-06
A,idn_2,1.837683164556962e-06,kmol/m^3,0.10024360984173508,1.697865e-06
A,idn_2,1.8491783544303796e-06,kmol/m^3,0.10060719326437272,1.697865e-06
A,idn_2,1.8606735443037972e-06,kmol/m^3,0.10096888232942605,1.697865e-06
A,idn_2,1.872168734177215e-06,kmol/m^3,0.10132869180351817,1.697865e-06
A,idn_2,1.883663924050633e-06,kmol/m^3,0.10168663630019428,1.697865e-06
A,idn_2,1.8951591139240506e-06,kmol/m^3,0.1020427302819004,1.697865e-06
A,idn_2,1.9066543037974682e-06,kmol/m^3,0.10239698806193102,1.697865e-06
A,idn_2,1.918149493670886e-06,kmol/m^3,0.10274942380634704,1.697865e-06
A,idn_2,1.929644683544304e-06,kmol/m^3,0.10310005153586388,1.697865e-06
A,idn_2,1.9411398734177215e-06,kmol/m^3,0.10344888512771111,1.697865e-06
A,idn_2,1.952635063291139e-06,kmol/m^3,0.10379593831746285,1.697865e-06
A,idn_2,1.964130253164557e-06,kmol/m^3,0.10414122470084113,1.697865e-06
A,idn_2,1.9756254430379744e-06,kmol/m^3,0.10448475773549085,1.697865e-06
A,idn_2,1.9871206329113925e-06,kmol/m^3,0.1048265507427285,1.697865e-06
A,idn_2,1.99861582278481e-06,kmol/m^3,0.10516661690926402,1.697865e-06
A,idn_2,2.0101110126582278e-06,kmol/m^3,0.1055049692888966,1.697865e-06
A,idn_2,2.0216062025316454e-06,kmol/m^3,0.1058416208041852,1.697865e-06
A,idn_2,2.033101392405063e-06,kmol/m^3,0.10617658424809355,1.697865e-06
A,idn_2,2.044596582278481e-06,kmol/m^3,0.10650987228561078,1.697865e-06
A,idn_2,2.0560917721518983e-06,kmol/m^3,0.10684149745534753,1.697865e-06
A,idn_2,2.0675869620253164e-06,kmol/m^3,0.10717147217110866,1.697865e-06
A,idn_2,2.079082151898734e-06,kmol/m^3,0.10749980872344186,1.697865e-06
A,idn_2,2.0905773417721516e-06,kmol/m^3,0.10782651928116403,1.697865e-06
A,idn_2,2.1020725316455697e-06,kmol/m^3,0.10815161589286437,1.697865e-06
A,idn_2,2.113567721518987e-06,kmol/m^3,0.10847511048838557,1.697865e-06
A,idn_2,2.125062911392405e-06,kmol/m^3,0.1087970148802833,1.697865e-06
A,idn_2,2.1365581012658226e-06,kmol/m^3,0.10911734076526383,1.697865e-06
A,idn_2,2.1480532911392402e-06,kmol/m^3,0.10943609972560092,1.697865e-06
A,idn_2,2.159548481012658e-06,kmol/m^3,0.10975330323053173,1.697865e-06
A,idn_2,2.1710436708860755e-06,kmol/m^3,0.1100689626376324,1.697865e-06
A,idn_2,2.1825388607594936e-06,kmol/m^3,0.11038308919417379,1.697865e-06
A,idn_2,2.194034050632911e-06,kmol/m^3,0.11069569403845718,1.697865e-06
A,idn_2,2.205529240506329e-06,kmol/m^3,0.11100678820113082,1.697865e-06
A,idn_2,2.2170244303797465e-06,kmol/m^3,0.11131638260648745,1.697865e-06
A,idn_2,2.228519620253164e-06,kmol/m^3,0.11162448807374295,1.697865e-06
A,idn_2,2.240014810126582e-06,kmol/m^3,0.11193111531829683,1.697865e-06
A,idn_2,2.25151e-06,kmol/m^3,0.11223627495297424,1.697865e-06
I,n2,0.000159805,kmol/m^3,0.09566951269702688,0.000198024523
I,n2,0.000160815,kmol/m^3,0.0956693621709797,0.000198024523
I,n2,0.00016182500000000002,kmol/m^3,0.09566921164540619,0.000198024523
I,n2,0.000162835,kmol/m^3,0.09566906112030639,0.000198024523
I,n2,0.000163845,kmol/m^3,0.09566891059568024,0.000198024523
I,n2,0.000164855,kmol/m^3,0.09566876007152775,0.000198024523
I,n2,0.000165865,kmol/m^3,0.09566860954784893,0.000198024523
I,n2,0.000166875,kmol/m^3,0.09566845902464377,0.000198024523
I,n2,0.000167885,kmol/m^3,0.09566830850191227,0.000198024523
I,n2,0.00016889500000000002,kmol/m^3,0.09566815797965442,0.000198024523
I,n2,0.000169905,kmol/m^3,0.09566800745787024,0.000198024523
I,n2,0.000170915,kmol/m^3,0.09566785693655973,0.000198024523
I,n2,0.00017192500000000002,kmol/m^3,0.09566770641572282,0.000198024523
I,n2,0.000172935,kmol/m^3,0.09566755589535961,0.000198024523
I,n2,0.000173945,kmol/m^3,0.09566740537547001,0.000198024523
I,n2,0.000174955,kmol/m^3,0.09566725485605408,0.000198024523
I,n2,0.000175965,kmol/m^3,0.09566710433711177,0.000198024523
I,n2,0.000176975,kmol/m^3,0.09566695381864311,0.000198024523
I,n2,0.000177985,kmol/m^3,0.09566680330064811,0.000198024523
I,n2,0.000178995,kmol/m^3,0.09566665278312672,0.000198024523
I,n2,0.000180005,kmol/m^3,0.09566650226607895,0.000198024523
I,n2,0.000181015,kmol/m^3,0.09566635174950484,0.000198024523
I,n2,0.000182025,kmol/m^3,0.09566620123340436,0.000198024523
I,n2,0.000183035,kmol/m^3,0.09566605071777748,0.000198024523
I,n2,0.000184045,kmol/m^3,0.09566590020262423,0.000198024523
I,n2,0.000185055,kmol/m^3,0.09566574968794463,0.000198024523
I,n2,0.00018606500000000002,kmol/m^3,0.09566559917373862,0.000198024523
I,n2,0.000187075,kmol/m^3,0.09566544866000624,0.000198024523
I,n2,0.000188085,kmol/m^3,0.09566529814674747,0.000198024523
I,n2,0.000189095,kmol/m^3,0.09566514763396233,0.000198024523
I,n2,0.000190105,kmol/m^3,0.09566499712165077,0.000198024523
I,n2,0.000191115,kmol/m^3,0.09566484660981284,0.000198024523
I,n2,0.000192125,kmol/m^3,0.09566469609844852,0.000198024523
I,n2,0.00019313499999999999,kmol/m^3,0.0956645455875578,0.000198024523
I,n2,0.000194145,kmol/m^3,0.09566439507714068,0.000198024523
I,n2,0.000195155,kmol/m^3,0.09566424456719715,0.000198024523
I,n2,0.000196165,kmol/m^3,0.09566409405772723,0.000198024523
I,n2,0.000197175,kmol/m^3,0.09566394354873091,0.000198024523
I,n2,0.000198185,kmol/m^3,0.09566379304020815,0.000198024523
I,n2,0.000199195,kmol/m^3,0.095663642532159,0.000198024523
I,n2,0.000200205,kmol/m^3,0.09566349202458345,0.000198024523
I,n2,0.000201215,kmol/m^3,0.0956633415174815,0.000198024523
I,n2,0.000202225,kmol/m^3,0.0956631910108531,0.000198024523
I,n2,0.00020323500000000002,kmol/m^3,0.0956630405046983,0.000198024523
I,n2,0.000204245,kmol/m^3,0.09566288999901708,0.000198024523
I,n2,0.000205255,kmol/m^3,0.09566273949380943,0.000198024523
I,n2,0.000206265,kmol/m^3,0.09566258898907536,0.000198024523
I,n2,0.00020727499999999998,kmol/m^3,0.09566243848481483,0.000198024523
I,n2,0.000208285,kmol/m^3,0.09566228798102794,0.000198024523
I,n2,0.000209295,kmol/m^3,0.09566213747771456,0.000198024523
I,n2,0.00021030499999999999,kmol/m^3,0.09566198697487478,0.000198024523
I,n2,0.000211315,kmol/m^3,0.09566183647250853,0.000198024523
I,n2,0.000212325,kmol/m^3,0.09566168597061586,0.000198024523
I,n2,0.000213335,kmol/m^3,0.09566153546919676,0.000198024523
I,n2,0.000214345,kmol/m^3,0.0956613849682512,0.000198024523
I,n2,0.000215355,kmol/m^3,0.09566123446777922,0.000198024523
I,n2,0.000216365,kmol/m^3,0.09566108396778077,0.000198024523
I,n2,0.000217375,kmol/m^3,0.09566093346825587,0.000198024523
I,n2,0.000218385,kmol/m^3,0.09566078296920452,0.000198024523
I,n2,0.000219395,kmol/m^3,0.09566063247062674,0.000198024523
I,n2,0.000220405,kmol/m^3,0.09566048197252247,0.000198024523
I,n2,0.00022141499999999998,kmol/m^3,0.09566033147489175,0.000198024523
I,n2,0.000222425,kmol/m^3,0.09566018097773457,0.000198024523
I,n2,0.000223435,kmol/m^3,0.09566003048105096,0.000198024523
I,n2,0.00022444499999999998,kmol/m^3,0.09565987998484084,0.000198024523
I,n2,0.000225455,kmol/m^3,0.09565972948910426,0.000198024523
I,n2,0.000226465,kmol/m^3,0.09565957899384125,0.000198024523
I,n2,0.00022747499999999999,kmol/m^3,0.09565942849905174,0.000198024523
I,n2,0.000228485,kmol/m^3,0.09565927800473573,0.000198024523
I,n2,0.000229495,kmol/m^3,0.09565912751089328,0.000198024523
I,n2,0.000230505,kmol/m^3,0.09565897701752432,0.000198024523
I,n2,0.000231515,kmol/m^3,0.09565882652462891,0.000198024523
I,n2,0.000232525,kmol/m^3,0.095658676032207,0.000198024523
I,n2,0.000233535,kmol/m^3,0.09565852554025862,0.000198024523
I,n2,0.000234545,kmol/m^3,0.09565837504878374,0.000198024523
I,n2,0.00023555499999999998,kmol/m^3,0.09565822455778238,0.000198024523
I,n2,0.000236565,kmol/m^3,0.0956580740672545,0.000198024523
I,n2,0.00023757500000000001,kmol/m^3,0.09565792357720015,0.000198024523
I,n2,0.00023858499999999998,kmol/m^3,0.09565777308761932,0.000198024523
I,n2,0.000239595,kmol/m^3,0.09565762259851196,0.000198024523
B,adn_2,2.22437e-06,kmol/m^3,0.0695217581739133,3.09371786e-06
B,adn_2,2.2852727848101264e-06,kmol/m^3,0.07137146505547715,3.09371786e-06
B,adn_2,2.346175569620253e-06,kmol/m^3,0.0732183883183151,3.09371786e-06
B,adn_2,2.40707835443038e-06,kmol/m^3,0.07506253424129276,3.09371786e-06
B,adn_2,2.4679811392405063e-06,kmol/m^3,0.07690390908440593,3.09371786e-06
B,adn_2,2.528883924050633e-06,kmol/m^3,0.07874251908885159,3.09371786e-06
B,adn_2,2.5897867088607594e-06,kmol/m^3,0.08057837047709847,3.09371786e-06
B,adn_2,2.650689493670886e-06,kmol/m^3,0.08241146945295699,3.09371786e-06
B,adn_2,2.711592278481013e-06,kmol/m^3,0.0842418222016494,3.09371786e-06
B,adn_2,2.7724950632911393e-06,kmol/m^3,0.0860694348898792,3.09371786e-06
B,adn_2,2.833397848101266e-06,kmol/m^3,0.08789431366590042,3.09371786e-06
B,adn_2,2.8943006329113923e-06,kmol/m^3,0.08971646465958667,3.09371786e-06
B,adn_2,2.955203417721519e-06,kmol/m^3,0.09153589398249955,3.09371786e-06
B,adn_2,3.0161062025316454e-06,kmol/m^3,0.09335260772795725,3.09371786e-06
B,adn_2,3.077008987341772e-06,kmol/m^3,0.0951666119711024,3.09371786e-06
B,adn_2,3.137911772151899e-06,kmol/m^3,0.0969779127689698,3.09371786e-06
B,adn_2,3.1988145569620253e-06,kmol/m^3,0.09878651616055381,3.09371786e-06
B,adn_2,3.259717341772152e-06,kmol/m^3,0.10059242816687566,3.09371786e-06
B,adn_2,3.320620126582279e-06,kmol/m^3,0.10239565479105003,3.09371786e-06
B,adn_2,3.3815229113924053e-06,kmol/m^3,0.10419620201835164,3.09371786e-06
B,adn_2,3.442425696202532e-06,kmol/m^3,0.10599407581628152,3.09371786e-06
B,adn_2,3.5033284810126583e-06,kmol/m^3,0.10778928213463297,3.09371786e-06
B,adn_2,3.564231265822785e-06,kmol/m^3,0.10958182690555705,3.09371786e-06
B,adn_2,3.6251340506329114e-06,kmol/m^3,0.11137171604362806,3.09371786e-06
B,adn_2,3.686036835443038e-06,kmol/m^3,0.11315895544590841,3.09371786e-06
B,adn_2,3.7469396202531644e-06,kmol/m^3,0.11494355099201374,3.09371786e-06
B,adn_2,3.8078424050632913e-06,kmol/m^3,0.11672550854417693,3.09371786e-06
B,adn_2,3.868745189873418e-06,kmol/m^3,0.11850483394731268,3.09371786e-06
B,adn_2,3.929647974683544e-06,kmol/m^3,0.1202815330290811,3.09371786e-06
B,adn_2,3.990550759493671e-06,kmol/m^3,0.12205561159995174,3.09371786e-06
B,adn_2,4.051453544303798e-06,kmol/m^3,0.12382707545326639,3.09371786e-06
B,adn_2,4.112356329113924e-06,kmol/m^3,0.12559593036530264,3.09371786e-06
B,adn_2,4.173259113924051e-06,kmol/m^3,0.1273621820953364,3.09371786e-06
B,adn_2,4.234161898734177e-06,kmol/m^3,0.12912583638570446,3.09371786e-06
B,adn_2,4.295064683544304e-06,kmol/m^3,0.1308868989618667,3.09371786e-06
B,adn_2,4.35596746835443e-06,kmol/m^3,0.13264537553246808,3.09371786e-06
B,adn_2,4.416870253164558e-06,kmol/m^3,0.1344012717894004,3.09371786e-06
B,adn_2,4.477773037974683e-06,kmol/m^3,0.13615459340786346,3.09371786e-06
B,adn_2,4.538675822784811e-06,kmol/m^3,0.1379053460464265,3.09371786e-06
B,adn_2,4.5995786075949364e-06,kmol/m^3,0.13965353534708894,3.09371786e-06
B,adn_2,4.660481392405064e-06,kmol/m^3,0.14139916693534094,3.09371786e-06
B,adn_2,4.72138417721519e-06,kmol/m^3,0.1431422464202238,3.09371786e-06
B,adn_2,4.782286962025317e-06,kmol/m^3,0.14488277939439004,3.09371786e-06
B,adn_2,4.843189746835443e-06,kmol/m^3,0.14662077143416316,3.09371786e-06
B,adn_2,4.90409253164557e-06,kmol/m^3,0.14835622809959736,3.09371786e-06
B,adn_2,4.964995316455696e-06,kmol/m^3,0.15008915493453656,3.09371786e-06
B,adn_2,5.025898101265823e-06,kmol/m^3,0.15181955746667364,3.09371786e-06
B,adn_2,5.08680088607595e-06,kmol/m^3,0.15354744120760913,3.09371786e-06
B,adn_2,5.147703670886076e-06,kmol/m^3,0.15527281165290974,3.09371786e-06
B,adn_2,5.208606455696203e-06,kmol/m^3,0.15699567428216674,3.09371786e-06
B,adn_2,5.269509240506329e-06,kmol/m^3,0.15871603455905367,3.09371786e-06
B,adn_2,5.330412025316456e-06,kmol/m^3,0.16043389793138438,3.09371786e-06
B,adn_2,5.391314810126583e-06,kmol/m^3,0.16214926983117053,3.09371786e-06
B,adn_2,5.452217594936709e-06,kmol/m^3,0.1638621556746786,3.09371786e-06
B,adn_2,5.513120379746836e-06,kmol/m^3,0.16557256086248723,3.09371786e-06
B,adn_2,5.574023164556962e-06,kmol/m^3,0.1672804907795435,3.09371786e-06
B,adn_2,5.634925949367089e-06,kmol/m^3,0.16898595079522008,3.09371786e-06
B,adn_2,5.695828734177215e-06,kmol/m^3,0.17068894626337097,3.09371786e-06
B,adn_2,5.756731518987343e-06,kmol/m^3,0.1723894825223878,3.09371786e-06
B,adn_2,5.817634303797468e-06,kmol/m^3,0.17408756489525534,3.09371786e-06
B,adn_2,5.878537088607596e-06,kmol/m^3,0.1757831986896076,3.09371786e-06
B,adn_2,5.9394398734177214e-06,kmol/m^3,0.1774763891977823,3.09371786e-06
B,adn_2,6.000342658227849e-06,kmol/m^3,0.17916714169687678,3.09371786e-06
B,adn_2,6.061245443037975e-06,kmol/m^3,0.18085546144880205,3.09371786e-06
B,adn_2,6.122148227848102e-06,kmol/m^3,0.18254135370033814,3.09371786e-06
B,adn_2,6.183051012658228e-06,kmol/m^3,0.18422482368318782,3.09371786e-06
B,adn_2,6.243953797468355e-06,kmol/m^3,0.18590587661403102,3.09371786e-06
B,adn_2,6.304856582278481e-06,kmol/m^3,0.18758451769457865,3.09371786e-06
B,adn_2,6.365759367088608e-06,kmol/m^3,0.1892607521116263,3.09371786e-06
B,adn_2,6.426662151898734e-06,kmol/m^3,0.19093458503710756,3.09371786e-06
B,adn_2,6.487564936708862e-06,kmol/m^3,0.19260602162814738,3.09371786e-06
B,adn_2,6.548467721518988e-06,kmol/m^3,0.1942750670271148,3.09371786e-06
B,adn_2,6.609370506329115e-06,kmol/m^3,0.19594172636167587,3.09371786e-06
B,adn_2,6.670273291139241e-06,kmol/m^3,0.1976060047448462,3.09371786e-06
B,adn_2,6.731176075949368e-06,kmol/m^3,0.19926790727504295,3.09371786e-06
B,adn_2,6.792078860759494e-06,kmol/m^3,0.20092743903613722,3.09371786e-06
B,adn_2,6.852981645569621e-06,kmol/m^3,0.20258460509750592,3.09371786e-06
B,adn_2,6.913884430379747e-06,kmol/m^3,0.20423941051408295,3.09371786e-06
B,adn_2,6.974787215189874e-06,kmol/m^3,0.2058918603264109,3.09371786e-06
B,adn_2,7.03569e-06,kmol/m^3,0.20754195956069252,3.09371786e-06
